LNF_code,Crop_DE,Crop_EN,Crop_FR,Crop_IT,Valid_from,Valid_until,Overlapping,BPA_QI ,Special_culture,Crop_Label,Crop_Label_lv1,Crop_Label_lv2,Crop_Label_lv3,Exclude,Avg_Area_ha,2019_Area_m2,2020_Area_m2,2021_Area_m22,2022_Area_m23,2023_Area_m24,2024_Area_m25,2025_Area_m26
501,Sommergerste,Spring barley,Orge de printemps,Orzo primaverile,,,0.0,0.0,0.0,Spring Barley,Spring Barley,Spring Cereals,Arable Land,,784,4758856,7858293,9902206,8415374,8000433,7563391,8378097
502,Wintergerste,Winter barley,Orge d’automne,Orzo autunnale,,,0.0,0.0,0.0,Winter Barley,Winter Barley,Winter Cereals,Arable Land,,22284,151343276,174301996,266631521,264194625,252452509,236977754,213970828
504,Hafer,Oats,Avoine,Avena,,,0.0,0.0,0.0,Oat,Oat,Spring Cereals,Arable Land,,1947,8422954,10354388,18914028,27807030,28375474,21135620,21306398
505,Triticale,Triticale,Triticale,Triticale,,,0.0,0.0,0.0,Triticale,Triticale,Winter Cereals,Arable Land,,5951,39073434,43338231,73901246,70658684,64650102,60583416,64388714
506,Mischel Futtergetreide,Mixed fodder cereals,Méteil de céréales fourragères,Miscela di cereali da foraggio,,,0.0,0.0,0.0,Mixed Cereals,Other Cereals,Winter Cereals,Arable Land,True,220,1791629,1851730,2093426,2386864,2362232,2647328,2283381
507,Futterweizen gemäss Sortenliste swiss granum,Fodder wheat according to Swiss Granum list,Blé fourrager selon liste swiss granum,Frumento da foraggio giusta la lista di swiss granum,,,0.0,0.0,0.0,Winter Wheat,Winter Wheat,Winter Cereals,Arable Land,,7672,35567882,64194882,96372938,92349708,84472859,76760696,87305447
508,Körnermais,Grain maize,Maïs grain,Mais da granella,,,0.0,0.0,0.0,Grain Maize,Grain Maize,Summer Cereals,Arable Land,,14623,105991678,128461686,169846542,154588272,152600518,152916033,159236317
509,Reis,Rice,Riz,Riso,,2022.0,0.0,0.0,0.0,Rice,Rice,Rice,Arable Land,,65,15543,867158,1068864,637682,0,0,0
510,Hartweizen,Durum wheat,Blé dur,Grano duro,2023.0,,0.0,0.0,0.0,Durum Wheat,Other Cereals,Winter Cereals,Arable Land,True,283,0,0,0,0,3096723,3784012,1611244
511,"Emmer, Einkorn","Emmer, Einkorn","Amidonnier, engrain","Farro, piccola spelta",,,0.0,0.0,0.0,Ancient Wheat,Other Cereals,Winter Cereals,Arable Land,True,284,3725532,2875601,1975986,3840547,4146042,1614156,1667757
512,Sommerweizen (ohne Futterweizen der Sortenliste swiss granum),Spring wheat (excluding Swiss Granum fodder wheat),Blé de printemps (sans blé fourrager de la liste swiss granum),Frumento primaverile (escl. il frumento da foraggio di swiss granum),,,0.0,0.0,0.0,Spring Wheat,Spring Wheat,Spring Cereals,Arable Land,,1449,4397936,13972423,11530894,10593846,12724334,38104902,10080332
513,Winterweizen (ohne Futterweizen der Sortenliste swiss granum),Winter wheat (excluding Swiss Granum fodder wheat),Blé d'automne (sans blé fourrager de la liste swiss granum),Frumento autunnale (escl. il frumento da foraggio di swiss granum),,,0.0,0.0,0.0,Winter Wheat,Winter Wheat,Winter Cereals,Arable Land,,62817,489299182,483448747,705894900,694036650,673060110,647531156,703898964
514,Roggen,Rye,Seigle,Segale,,,0.0,0.0,0.0,Rye,Rye,Winter Cereals,Arable Land,,1681,9744185,11622510,17706278,18052558,20564782,19317705,20693006
515,Mischel Brotgetreide,Mixed bread cereals,Méteil de céréales panifiables,Miscela di cereali panificabili,,,0.0,0.0,0.0,Mixed Cereals,Other Cereals,Winter Cereals,Arable Land,True,46,110129,319682,393662,579172,533206,572826,692180
516,Dinkel,Spelt,Epeautre,Spelta,,,0.0,0.0,0.0,Spelt,Spelt,Winter Cereals,Arable Land,,6325,33218262,39438305,65997595,78846938,84260613,68757574,72247293
519,Saatmais (Vertragsanbau),Seed maize (contract farming),Semences de maïs (contrat de culture),Mais da semina (coltivazione contrattuale),,,0.0,0.0,0.0,Grain Maize,Grain Maize,Summer Cereals,Arable Land,,158,1616426,1866468,1656461,1864125,1468136,1290739,1296518
520,Trockenreis,Dryland rice,Riz en culture sèche,Riso seminato su terreno asciutto,2023.0,,0.0,0.0,0.0,Rice,Rice,Rice,Arable Land,,56,0,0,0,0,549865,605460,535703
521,Silo- und Grünmais,Silage and green maize,Maïs d'ensilage et maïs vert,Mais da insilamento e verde,,,0.0,0.0,0.0,Silage Maize,Silage Maize,Summer Cereals,Arable Land,,42553,283573485,321069509,452015526,460528602,467384125,489427045,504733708
522,Zuckerrüben,Sugar beets,Betteraves sucrières,Barbabietole da zucchero,,,0.0,0.0,0.0,Sugar Beets,Sugar Beets,Root Crops,Arable Land,,14967,115236703,117213615,160001147,155486860,160121482,166396480,173222577
523,Futterrüben,Fodder beets,Betteraves fourragères,Barbabietole da foraggio,,,0.0,0.0,0.0,Beets,Beets,Root Crops,Arable Land,,284,1471582,1870306,3719776,3496949,3215470,3190678,2914471
524,Kartoffeln,Potatoes,Pommes de terre,Patate,,,0.0,0.0,0.0,Potatoes,Potatoes,Root Crops,Arable Land,,7945,45049718,47831535,91822659,91860772,91618573,92474504,95466833
525,Pflanzkartoffeln (Vertragsanbau),Seed potatoes (contract farming),Plants de pommes de terre (contrat de culture),Tuberi-seme di patate (coltivazione contrattuale),,,0.0,0.0,0.0,Potatoes,Potatoes,Root Crops,Arable Land,,1190,5009878,5168040,14988794,14866895,14794864,14129631,14352855
526,Sommerraps zur Speiseölgewinnung,Spring rapeseed for edible oil,Colza de printemps destiné à la fabrication d’huile comestible,Colza primaverile per l’estrazione di olio commestibile,,,0.0,0.0,0.0,Spring Rapeseed,Rapeseed,Oilseeds,Arable Land,,89,699904,550864,1232502,942600,1064886,596624,1138603
527,Winterraps zur Speiseölgewinnung,Winter rapeseed for edible oil,Colza d’automne destiné à la fabrication d’huile comestible,Colza autunnale per l’estrazione di olio commestibile,,,0.0,0.0,0.0,Winter Rapeseed,Rapeseed,Oilseeds,Arable Land,,22052,161499629,183695476,242568595,245366480,248165778,238142072,224213363
528,Soja,Soybean,Soja,Soia,,,0.0,0.0,0.0,Soybean,Soybean,Oilseeds,Arable Land,,2546,13511709,17309509,22639951,28538824,30317219,32311662,33620312
529,Nassreis,Wetland rice,Riz en culture humide,Riso seminato su terreno bagnato,2023.0,,0.0,0.0,0.0,Rice,Rice,Rice,Arable Land,,19,0,0,0,0,194966,207338,179934
531,Sonnenblumen zur Speiseölgewinnung,Sunflower for edible oil,Tournesol destiné à la fabrication d’huile comestible,Girasole per l’estrazione di olio commestibile,,,0.0,0.0,0.0,Sunflower,Sunflower,Oilseeds,Arable Land,,5546,45444950,35785888,47517268,51344415,62439802,71665097,74038414
534,Lein,Flax,Lin,Lino,,,0.0,0.0,0.0,Flax,Minor Oilseeds,Oilseeds,Arable Land,,180,1001127,810392,2029072,2029964,1879179,2397244,2448857
535,Hanf,Hemp,Chanvre,Canapa,,2021.0,0.0,0.0,0.0,Hemp,Special Crops,Annual Horticulture,Arable Land,,0,,,,,,,
536,Bohnen und Wicken zur Körnergewinnung (z.B. Ackerbohnen) ,"Beans and vetches for grain production (e.g., field beans)",Haricots et vesces en grains (p.ex. féveroles),Fagioli e vecce per l’estrazione di granelli (p.es. favette),,,0.0,0.0,0.0,Beans,Beans,Pulses,Arable Land,,774,6962343,7005712,7105598,7565940,7285386,8447693,9787854
537,Erbsen zur Körnergewinnung (z.B. Eiweisserbsen),"Peas for grain production (e.g., protein peas)",Pois en grains (p.ex. pois protéagineux),Piselli per l’estrazione di granelli (p.es. piselli proteici),,,0.0,0.0,0.0,Peas,Peas,Pulses,Arable Land,,2411,22139085,23573226,34282410,25514184,24104029,22946782,16207090
538,Lupinen,Lupins,Lupins,Lupini,,,0.0,0.0,0.0,Lupine,Lupine,Pulses,Arable Land,,259,1133907,1410710,2996492,3342960,3191178,2935714,3100350
539,Ölkürbisse,Oil pumpkins,Courges à huile,Zucche per l’estrazione di olio,,,0.0,0.0,0.0,Oil Pumpkins,Oil Pumpkins,Annual Horticulture,Arable Land,,92,668733,761514,986881,1241967,1063240,806158,940271
540,Kichererbsen,Chickpeas,Pois chiches,Ceci,2023.0,,0.0,0.0,0.0,Chickpeas,Chickpeas,Pulses,Arable Land,True,74,0,0,0,0,1111357,642912,474326
541,Tabak,Tobacco,Tabac,Tabacco,,,0.0,0.0,1.0,Tobacco,Special Crops,Annual Horticulture,Arable Land,,340,2178598,2195042,3997038,3953523,3925726,3857365,3689106
542,Hirse,Millet,Millet,Miglio,,2022.0,0.0,0.0,0.0,Millet,Millet,Summer Cereals,Arable Land,,242,2165379,1877163,2827696,2812173,0,0,0
543,Getreide siliert,Ensiled cereals,Céréales ensilées,Cereali insilati,,,0.0,0.0,0.0,Silage Cereals,Other Cereals,Winter Cereals,Arable Land,True,575,2919989,4363180,6240788,5914610,6921070,7588923,6284320
544,Leindotter,Camelina,Cameline,Dorella,,,0.0,0.0,0.0,Camelina,Minor Oilseeds,Oilseeds,Arable Land,,13,129232,168948,159266,177778,121982,56380,71028
545,"Einjährige Freilandgemüse, ohne Konservengemüse","Annual open-field vegetables, excluding preserved vegetables",Cultures maraîchères de plein champ annuelles (sauf les légumes de conserve),Ortaggi annuali di pieno campo (esclusi quelli destinati alla conservazione),,,0.0,0.0,1.0,Vegetables,Vegetables,Annual Horticulture,Arable Land,,9331,61324143,68058333,101937758,103528559,101683883,105273227,111351919
546,Freiland-Konservengemüse,Open-field vegetables for preservation,Légumes de conserve cultivés en plein champ,Ortaggi di pieno campo per la conservazione,,,0.0,0.0,0.0,Vegetables,Vegetables,Annual Horticulture,Arable Land,,1609,13283974,13629142,17069682,17122846,16609971,17660333,17287631
547,Wurzeln der Treibzichorie,Roots of forced chicory,Racines de chicorée,Radici di cicoria di coltura forzata,,,0.0,0.0,1.0,Chicory Root,Chicory Root,Root Crops,Arable Land,,392,3659470,3992622,4216406,3808552,3334267,3886928,4547498
548,Buchweizen,Buckwheat,Sarrasin,Grano saraceno,,,0.0,0.0,0.0,Buckwheat,Vegetables,Annual Horticulture,Arable Land,,71,404834,693166,767675,820005,658414,724095,878045
549,Sorghum,Sorghum,Sorgho,Sorgo,,2022.0,0.0,0.0,0.0,Sorghum,Sorghum,Summer Cereals,Arable Land,,271,2072187,2810300,3085100,2872565,0,0,0
550,Übrige Ackerfläche,Other arable land,Autres terres assolées,Altra superficie coltiva,,,0.0,0.0,0.0,,,,,True,0,,,,,,,
551,Einjährige Beeren (z.B. Erdbeeren),"Annual berries (e.g., strawberries)",Baies annuelles (p.ex. fraises),Bacche annuali (p.es. fragole),,,0.0,0.0,1.0,Annual Berries,Annual Berries,Annual Horticulture,Arable Land,,439,2855506,3671357,5253329,5104449,4834498,4601232,4381937
552,"Einjährige nachwachsende Rohstoffe (Kenaf, usw.)","Annual renewable raw materials (Kenaf, etc.)","Matières premières renouvelables annuelles (kénaf, etc.)","Materie prime rinnovabili annuali (kenaf, ecc.)",,,0.0,0.0,0.0,Special Crops,Special Crops,Annual Horticulture,Arable Land,,2,26716,26741,27429,2390,696,444,44121
553,Einjährige Gewürz- und Medizinalpflanzen,Annual spice and medicinal plants,Plantes aromatiques et médicinales annuelles,Piante aromatiche e medicinali annuali,,,0.0,0.0,1.0,Spices,Vegetables,Annual Horticulture,Arable Land,,128,693766,961308,1301990,1363303,1507160,1544136,1580900
554,"Einjährige gärtnerische Freilandkulturen (Blumen, Rollrasen usw.)","Annual open-field horticultural crops (flowers, turf, etc.)","Cultures horticoles annuelles de plein champ (fleurs, gazon en rouleaux, etc.)","Floricoltura di pieno campo annuale (fiori, manto erboso in rotoli, ecc.)",,,0.0,0.0,0.0,Horticulture,Vegetables,Annual Horticulture,Arable Land,,279,2393553,2552352,2798333,3016726,3012778,2876242,2906434
555,Ackerschonstreifen,Wildflower strips,Bande culturale extensive,Fasce di colture estensive in campicoltura,,2022.0,0.0,1.0,0.0,Fallow,Fallow,Temporary Grassland,Arable Land,,391,3291508,4059374,4032157,4253568,0,0,0
556,Buntbrache,Flowering fallow,Jachère florale,Maggese fioriti,,,0.0,1.0,0.0,Fallow,Fallow,Temporary Grassland,Arable Land,,2702,21261150,22575506,22492943,22241236,24941135,36916753,38724521
557,Rotationsbrache,Rotational fallow,Jachère tournante,Maggese da rotazione,,,0.0,1.0,0.0,Fallow,Fallow,Temporary Grassland,Arable Land,,785,5600614,6094026,6239296,5769612,6852680,12126869,12241649
559,Saum auf Ackerflächen,Improved (species-rich) field margins on arable land,Ourlet sur terres assolées,Striscia su superficie coltiva,,,0.0,1.0,0.0,Fallow,Fallow,Temporary Grassland,Arable Land,,333,2174289,2381391,2406444,2485452,3010426,5246809,5590333
566,Mohn,Poppy,Pavot,Papavero,,,0.0,0.0,0.0,Poppy,Special Crops,Annual Horticulture,Arable Land,,13,21384,73098,147784,113938,169677,219676,176978
567,Saflor,Safflower,Carthame,Cartamo,,,0.0,0.0,0.0,Safflower,Minor Oilseeds,Oilseeds,Arable Land,,2,34863,11696,26069,37335,31925,13652,18336
568,Linsen,Lentils,Lentilles,Lenticchie,,,0.0,0.0,0.0,Lentils,Lentils,Pulses,Arable Land,,137,1062471,1159114,1800795,1942678,1441589,1119828,1081792
569,"Mischungen von Bohnen, Wicken, Erbsen, Kichererbsen und Lupinen mit Getreide oder Leindotter, mindestens 30 % Anteil Leguminosen bei der Ernte (zur Körnergewinnung)","Mixtures of beans, vetch, peas, chickpeas, and lupins with cereals or camelina, minimum 30% legumes at harvest (for grain)","Méteil de haricots, de vesces, de pois, de pois chiches et de lupins avec des céréales ou de la caméline, au moins 30 % de légumineuses lors de la récolte (pour la production de grains)","Miscele di fagioli, vecce, piselli, ceci e lupini con cereali o camelina sativa, almeno il 30% di quota di leguminose nel raccolto (per l’estrazione di granelli)",,,0.0,0.0,0.0,Mixed Legumes,Mixed Legumes,Pulses,Arable Land,True,818,5617567,6009199,8424737,8252929,9362648,9911357,9673476
570,"Mischungen von Linsen mit Getreide oder Leindotter, mindestens 30 % Anteil Linsen bei der Ernte (zur Körnergewinnung)","Mixtures of lentils with cereals or camelina, minimum 30% lentils at harvest (for grain)","Méteil de lentilles avec des céréales ou de la caméline, au moins 30 % de lentilles lors de la récolte (pour la production de grains)","Miscele di lenticchie con cereali o camelina sativa, almeno il 30% di quota di lenticchie nel raccolto (per l’estrazione di granelli)",2023.0,,0.0,0.0,0.0,Mixed Legumes,Mixed Legumes,Pulses,Arable Land,True,65,0,0,0,0,484770,651211,810064
572,Nützlingsstreifen auf offener Ackerfläche,Conservation headlands on open arable land,"avec des céréales ou de la caméline, au moins 30 % de lentilles lors de la récolte (pour la production de grains)",Strisce per organismi utili sulla superficie coltiva aperta,,,0.0,0.0,0.0,Fallow,Fallow,Temporary Grassland,Arable Land,,259,1404241,1710186,2822749,2551820,2956340,4159748,2538058
573,Senf,Mustard,Moutarde,Senape,,,0.0,0.0,0.0,Mustard,Minor Oilseeds,Oilseeds,Arable Land,,50,204170,294070,296950,348736,596434,920948,864214
574,Quinoa,Quinoa,Quinoa,Quinoa,,,0.0,0.0,0.0,Quinoa,Vegetables,Annual Horticulture,Arable Land,,24,272840,92546,374868,408220,256914,125986,126108
575,Hanf zur Nutzung der Samen,Hemp for seed use,Chanvre pour l’utilisation des graines,Canapa per i semi,2022.0,,0.0,0.0,0.0,Hemp,Special Crops,Annual Horticulture,Arable Land,,42,0,0,0,521914,513874,242114,414821
576,Hanf zur Fasernutzung,Hemp for fiber use,Chanvre pour l’utilisation des fibres,Canapa da fibra,2022.0,,0.0,0.0,0.0,Hemp,Special Crops,Annual Horticulture,Arable Land,,2,0,0,0,13395,900,22368,27932
577,Anderer Hanf,Other hemp,Autre chanvre,Altra canapa,2022.0,,0.0,0.0,0.0,Hemp,Special Crops,Annual Horticulture,Arable Land,,18,0,0,0,401140,204224,90681,40098
578,Hirse zur Körnergewinnung,Millet for grain,Millet grains,Miglio per l’estrazione di gra-nelli,2023.0,,0.0,0.0,0.0,Millet,Millet,Summer Cereals,Arable Land,,266,0,0,0,0,3740009,2894222,1340179
579,Hirse zur Nutzung ganze Pflanze,Millet for whole-plant use,Millet plante entière,Miglio per la raccolta della pianta intera,2023.0,,0.0,0.0,0.0,Millet,Millet,Summer Cereals,Arable Land,,10,0,0,0,0,139515,57913,99844
580,Sorghum zur Körnergewinnung,Sorghum for grain,Sorgho grains,Sorgo per l’estrazione di gra-nelli,2023.0,,0.0,0.0,0.0,Sorghum,Sorghum,Summer Cereals,Arable Land,,29,0,0,0,0,300378,418324,140484
581,Sorghum zur Nutzung ganze Pflanze,Sorghum for whole-plant use,Sorgho plante entière,Sorgo per la raccolta della pianta intera,2023.0,,0.0,0.0,0.0,Sorghum,Sorghum,Summer Cereals,Arable Land,,338,0,0,0,0,3566916,4005806,2570917
590,Sommerraps als nachwachsender Rohstoff,Spring rapeseed as renewable raw material,Colza de printemps comme matière première renouvelable,Colza primaverile quale materia prima rinnovabile,,,0.0,0.0,0.0,Spring Rapeseed,Rapeseed,Oilseeds,Arable Land,,2,66186,3070,19480,0,7683,0,0
591,Winterraps als nachwachsender Rohstoff,Winter rapeseed as renewable raw material,Colza d’automne comme matière première renouvelable,Colza autunnale quale materia prima rinnovabile,,,0.0,0.0,0.0,Winter Rapeseed,Rapeseed,Oilseeds,Arable Land,,106,505581,975718,1474238,1517718,1141292,843468,947976
592,Sonnenblumen als nachwachsender Rohstoff,Sunflower as renewable raw material,Tournesol comme matière première renouvelable,Girasole quale materia prima rinnovabile,,,0.0,0.0,0.0,Sunflower,Sunflower,Oilseeds,Arable Land,,31,381388,269834,227348,422134,312344,254326,337534
594,"Offene Ackerfläche, beitragsberechtigt (regionsspezifische Biodiversitätsförderfläche)",Eligible open arable land (region-specific biodiversity promotion),Terres ouvertes donnant droit aux contributions (surfaces de promotion de la biodiversité spécifiques à la région),"Superficie coltiva aperta, avente diritto ai contributi (superfici per la promozione della biodiversità specifiche di una regione)",,,0.0,1.0,0.0,Fallow,Fallow,Temporary Grassland,Arable Land,,22,277599,297362,219336,189827,151118,225245,203544
595,"Übrige offene Ackerfläche, nicht beitragsberechtigt (regionsspezifische Biodiversitätsförderfläche)","Other open arable land, not eligible",Autres terres ouvertes ne donnant pas droit aux contributions (surfaces de promotion de la biodiversité spécifiques à la région),"Altra superficie coltiva aperta, non avente diritto ai contributi (superfici per la promozione della biodiversità specifiche di una regione)",,,0.0,1.0,0.0,Fallow,Fallow,Temporary Grassland,Arable Land,,68,38798,22964,11353,11353,1460454,1839504,1410002
597,"Übrige offene Ackerfläche, beitragsberechtigt","Other open arable land, eligible",Autres terres ouvertes avec contributions,"Altra superficie coltiva aperta, con contributi",,,0.0,0.0,0.0,Fallow,Fallow,Temporary Grassland,Arable Land,,338,1874829,2170050,3412122,4133809,4277571,4149512,3653349
598,"Übrige offene Ackerfläche, nicht beitragsberechtigt","Other open arable land, not eligible",Autres terres ouvertes sans contributions,"Altra superficie coltiva aperta, senza contributi",,,0.0,0.0,0.0,Fallow,Fallow,Temporary Grassland,Arable Land,,230,2209944,2009910,2312250,2733853,2353010,2388174,2070461
601,Kunstwiesen (ohne Weiden),Artificial grasslands (excluding pastures),Prairies artificielles (sans les pâturages),Prati artificiali (senza pascoli),,,0.0,0.0,0.0,Ley,Ley,Temporary Grassland,Arable Land,,104714,624837125,731496654,1179090450,1189273713,1199467312,1210754963,1195049411
602,"Übrige Kunstwiese, beitragsberechtigt (z.B. Schweineweide, Geflügelweide)","Other artificial grasslands, eligible for contributions (e.g. pig and poultry pastures)",Autres prairies artificielles donnant droit aux contributions (p.ex. pâturages pour porcs et volaille),Altri prati artificiali avente diritto ai contributi (p.es. pascoli riservati ai suini e al pollame),,,0.0,0.0,0.0,Ley,Ley,Temporary Grassland,Arable Land,,540,2822784,3487353,5662759,6384778,6346100,6620048,6493724
611,Extensiv genutzte Wiesen (ohne Weiden),Extensively managed meadows (excluding pastures),Prairies extensives (sans les pâturages),Prati estensivi (senza pascoli),,,0.0,1.0,0.0,Extensive Meadow,Extensive Meadow,Meadow,Grassland,,84051,655822930,854885680,884869267,877144268,873688811,866538251,870623066
612,Wenig intensiv genutzte Wiesen (ohne Weiden),Low-intensity managed meadows (excluding pastures),Prairies peu intensives (sans les pâturages),Prati poco intensivi (senza pascoli),,,0.0,1.0,0.0,Less Intensive Meadow,Less Intensive Meadow,Meadow,Grassland,,14028,84496723,155618587,157386642,150932389,147452297,144639636,141460214
613,Übrige Dauerwiesen (ohne Weiden),Other permanent meadows (excluding pastures),Autres prairies permanentes (sans les pâturages),Altri prati perenni (senza pascoli),,,0.0,0.0,0.0,Intensive Meadow,Intensive Meadow,Meadow,Grassland,,342218,2797029393,3558531860,3594768633,3518955426,3517790208,3499800907,3468365165
616,"Weiden (Heimweiden, übrige Weiden ohne Sömmerungsweiden)","Pastures (farm pastures, other pastures excluding summer pastures)","Pâturages (pâturages attenants à la ferme, autres pâturages sauf les pâturages d’estivage)","Pascoli (pascoli propri, altri pascoli senza pascoli d’estivazione)",,,0.0,0.0,0.0,Intensive Pasture,Intensive Pasture,Pasture,Grassland,,91504,766127174,949313166,968496053,937976832,937968809,926985961,918395131
617,Extensiv genutzte Weiden,Extensively managed pastures,Pâturages extensifs,Pascoli estensivi,,,0.0,1.0,0.0,Extensive Pasture,Extensive Pasture,Pasture,Grassland,,46760,299770455,475260998,497014416,490211132,497212454,503266158,510432423
618,Waldweiden (ohne bewaldete Fläche),Wooded pastures (excluding forested area),Pâturages boisés (sauf surfaces boisées),Pascoli boschivi (senza i boschi),,,0.0,1.0,0.0,Forest Pasture,Forest Pasture,Pasture,Grassland,,6367,28094700,67415980,71477643,68907270,69166824,69785090,70840478
621,"Heuwiesen im Sömmerungsgebiet, Übrige Wiesen","Hay meadows in summer-grazing regions, other meadows","Prairies de fauche en région d’estivage, autres","Prati da sfalcio nella regione d’estivazione, altri prati",,,0.0,0.0,0.0,Intensive Meadow,Intensive Meadow,Meadow,Grassland,,905,7588462,9424125,9484820,9238199,9327864,9262898,9051833
622,"Heuwiesen im Sömmerungsgebiet, Typ extensiv genutzte Wiese","Hay meadows in summer-grazing regions, extensively managed type","Prairies de fauche en région d’estivage, type prairie extensive","Prati da sfalcio nella regione d’estivazione, tipo prati sfruttati in modo estensivo",,,0.0,1.0,0.0,Extensive Meadow,Extensive Meadow,Meadow,Grassland,,978,8787854,10454877,10590768,9502872,9661692,9817720,9665080
623,"Heuwiesen im Sömmerungsgebiet, Typ wenig intensiv genutzte Wiese","Hay meadows in summer-grazing regions, low-intensity managed type","Prairies de fauche en région d’estivage, type prairie peu intensive","Prati da sfalcio nella regione d’estivazione, tipo prati sfruttati in modo poco intensivo",,,0.0,1.0,0.0,Less Intensive Meadow,Less Intensive Meadow,Meadow,Grassland,,288,2292586,3106190,3015914,3104278,3027529,2849722,2772008
625,Waldweiden (ohne bewaldete Fläche),Wooded pastures (excluding forested area),Pâturages boisés (sauf surfaces boisées),Pascoli boschivi (senza i boschi),,,0.0,0.0,0.0,Forest Pasture,Forest Pasture,Pasture,Grassland,,3023,12956286,32016656,33606468,32037320,32290888,34196970,34521175
631,Futterleguminosen für die Samenproduktion (Vertragsanbau),Forage legumes for seed production (contract farming),Légumineuses fourragères destinées à la production de semences (contrat de culture),Leguminose da foraggio per la produzione di sementi (coltivazione contrattuale),,,0.0,0.0,0.0,Ley,Ley,Temporary Grassland,Arable Land,,275,2705624,2604196,2973812,2571316,2550776,2781380,3048166
632,Futtergräser für die Samenproduktion (Vertragsanbau),Forage grasses for seed production (contract farming),Graminées fourragères destinées à la production de semences (contrat de culture),Graminacee da foraggio per la produzione di sementi (coltivazione contrattuale),,,0.0,0.0,0.0,Ley,Ley,Temporary Grassland,Arable Land,,170,1145938,1276519,1768928,2106763,2030851,1920843,1661384
634,Uferwiesen entlang von Fliessgewässern (ohne Weiden),Riparian meadows along flowing waters (excluding pastures),Prairies riveraines d’un cours d’eau (sauf les pâturages),Prati rivieraschi lungo i corsi d'acqua (senza pascoli),,2022.0,0.0,1.0,0.0,Extensive Meadow,Extensive Meadow,Meadow,Grassland,,141,1123402,1297340,1439674,1765305,0,0,0
635,Uferwiesen (ohne Weiden),Riparian meadows (excluding pastures),Prairies riveraines (sauf les pâturages),Prati rivieraschi (senza pascoli),2023.0,,0.0,1.0,0.0,Extensive Meadow,Extensive Meadow,Meadow,Grassland,,433,0,0,0,0,2632608,4522229,5832356
650,"Übrige Dauerwiesen, beitragsberechtigt aggregiert","Other permanent meadows, eligible for contributions (aggregated)","Autres prairies permanentes, avec contributions, agrégée","Altra superficie inerbita, con contributi, aggregata",,2022.0,0.0,0.0,0.0,,,,,True,0,,,,,,,
660,"Übrige Dauerweiden, beitragsberechtigt aggregiert","Other permanent pastures, eligible for contributions (aggregated)","Autres pâturages permanentes, avec contributions, agrégée","Altri pascoli perenni, con contributi, aggregata",,2022.0,0.0,0.0,0.0,Intensive Pasture,Intensive Pasture,Pasture,Grassland,,0,2868,3636,3636,768,122,122,122
693,Regionsspezifische Biodiversitätsförderflächen (Weiden),Region-specific biodiversity promotion areas (pastures),Surfaces de promotion de la biodiversité spécifiques à la région (pâturages),Superfici per la promozione della biodiversità specifiche di una regione (pascoli),,,0.0,1.0,0.0,Extensive Pasture,Extensive Pasture,Pasture,Grassland,,40,202370,205816,235140,252378,599399,613028,669600
694,Regionsspezifische Biodiversitätsförderfläche (Grünflächen ohne Weiden),Region-specific biodiversity promotion areas (grasslands excluding pastures),"Surfaces de promotion de la biodiversité spécifiques à la région (Surface herbagère, sauf les pâturages)","Superfici per la promozione della biodiversità specifiche di una regione (superfici inerbite, senza pascoli)",,,0.0,1.0,0.0,Extensive Meadow,Extensive Meadow,Meadow,Grassland,,2941,1795302,31176687,32947915,33959326,34781315,35366833,35853339
697,"Übrige Grünfläche (Dauergrünfläche), beitragsberechtigt","Other grassland (permanent grassland), eligible for contributions",Autres surfaces herbagères (surface herbagère permanente) avec contributions,"Altre superfici (permanentemente) inerbite, con contributi",,,0.0,0.0,0.0,Intensive Meadow,Intensive Meadow,Meadow,Grassland,,259,1923219,2122439,2681194,2550952,2807975,3030310,3005568
698,"Übrige Grünfläche (Dauergrünflächen), nicht beitragsberechtigt","Other grassland (permanent grassland), not eligible for contributions",Autres surfaces herbagères (surface herbagère permanente) sans contributions,"Altre superfici (permanentemente) inerbite, senza contributi",,,0.0,0.0,0.0,Intensive Meadow,Intensive Meadow,Meadow,Grassland,,644,6197593,5923983,6708909,6500280,6456061,6618231,6682957
701,Reben,Vineyards,Vignes,Vigna,,,0.0,0.0,1.0,Vines,Vines,Orchard,Permanent,,7885,54667446,91779580,88875586,80640738,80696938,78332193,76985323
702,Obstanlagen (Äpfel),Fruit orchards (apples),Cultures fruitières (pommes),Frutteto (mele),,,0.0,0.0,1.0,Apples,Tree Crops,Orchard,Permanent,,3724,31309098,40413728,37448440,36861198,38392911,38203720,38085611
703,Obstanlagen (Birnen),Fruit orchards (pears),Cultures fruitières (poires),Frutteto (pere),,,0.0,0.0,1.0,Pears,Tree Crops,Orchard,Permanent,,720,4585829,7717293,7296326,7507762,7769097,7720790,7798454
704,Obstanlagen (Steinobst),Fruit orchards (stone fruits),Cultures fruitières (fruits à noyau),Frutteto (frutta a nocciolo),,,0.0,0.0,1.0,Stone Fruit,Tree Crops,Orchard,Permanent,,1580,10398999,17134142,15980530,16039107,17140016,17027095,16902920
705,Mehrjährige Beeren,Perennial berries,Baies pluriannuelles,Bacche pluriennali,,,0.0,0.0,1.0,Perennial Berries,Perennial Berries,Perennial Horticulture,Permanent,,588,5139812,5954218,5624734,5835957,6199888,6291623,6103158
706,Mehrjährige Gewürz- und Medizinalpflanzen,Perennial spice and medicinal plants,Plantes aromatiques et plantes médicinales pluriannuelles,Piante aromatiche e medicinali pluriennali,,,0.0,0.0,1.0,Perennial Spices,Perennial Spices,Perennial Horticulture,Permanent,,202,1304230,2165333,1613865,1670202,2323336,2484241,2578651
707,"Mehrjährige nachwachsende Rohstoffe (Chinaschilf, usw.)",Perennial renewable raw materials (e.g. miscanthus),"Matières premières renouvelables pluriannuelles (roseau de Chine, etc.)",Materie prime rinnovabili pluriennali (Miscanthus sin. ecc.),,,0.0,0.0,0.0,Perennial Special Crops,Perennial Special Crops,Perennial Horticulture,Permanent,,68,786281,813602,512799,516544,763404,681738,670182
708,Hopfen,Hops,Houblon,Luppolo,,,0.0,0.0,1.0,Hops,Perennial Special Crops,Perennial Horticulture,Permanent,,20,205294,208602,171035,163781,211431,213454,205082
709,Rhabarber,Rhubarb,Rhubarbe,Rabarbaro,,,0.0,0.0,1.0,Rhubarb,Perennial Vegetables,Perennial Horticulture,Permanent,,106,1048650,1060553,790338,773558,1183438,1265021,1288072
710,Spargel,Asparagus,Asperges,Asparagi,,,0.0,0.0,1.0,Asparagus,Perennial Vegetables,Perennial Horticulture,Permanent,,449,3948135,4677286,3783742,3812916,5038369,4993127,5143936
711,Pilze (Freiland),Mushrooms (open field),Champignons en pleine terre,Funghi (in pieno campo),,,0.0,0.0,1.0,,,,,True,0,916,946,808,1030,1620,3455,10030
712,Christbäume,Christmas trees,Sapins de Noël,Alberelli di Natale,,,0.0,0.0,0.0,Christmas Trees,Christmas Trees,Woody Crops,Permanent,,659,6784344,7135278,5643089,5512481,6903531,6976338,7201740
713,Baumschule von Forstpflanzen ausserhalb der Forstzone,Forest plant nurseries outside forest zones,Pépinières de plantes forestières hors zone forestière,Vivai forestali fuori delle zone forestali,,,0.0,0.0,0.0,Nursery,Nursery,Nursery,Permanent,True,64,553191,597847,474220,512938,758536,805600,796822
714,"Ziersträucher, Ziergehölze und Zierstauden","Ornamental shrubs, woody ornamentals and perennials","Buissons, arbrisseaux et arbustes ornementaux","Arbusti, arboscelli, cespugli ornamentali",,,0.0,0.0,0.0,,,,,True,148,1339067,1553697,1449808,1451774,1538220,1550944,1485409
715,"Übrige Baumschulen (Rosen, Früchte, usw.)","Other nurseries (roses, fruit trees, etc.)","Autres pépinières (roses, fruits, etc.)","Altri vivai (rose, frutta, ecc.)",,2022.0,0.0,0.0,0.0,Nursery,Nursery,Nursery,Permanent,True,403,3412924,3701657,6027077,2996228,0,0,0
717,Rebflächen mit natürlicher Artenvielfalt,Vineyard areas with natural biodiversity,Surfaces viticoles présentant une biodiversité naturelle,Vigneti con biodiversità naturale,,,0.0,1.0,1.0,Vines,Vines,Orchard,Permanent,,4032,16867029,33977885,42934077,42432286,45719878,48415855,51884881
718,Trüffelanlagen,Truffle plantations,Truffières,Tartufaie,,,0.0,0.0,0.0,,,,,True,39,264798,297422,295536,365448,488756,498193,497443
719,Maulbeerbaumanlagen (Fütterung Seidenraupen),Mulberry plantations (feeding silkworms),Cultures de mûriers (alimentation des vers à soie),Coltivazioni di gelsi (foraggiamento dei bachi da seta),,,0.0,0.0,0.0,,,,,True,1,11778,12577,6109,6110,10664,8656,11670
720,Gepflegte Selven (Edelkastanienbäume),Managed chestnut groves,Châtaigneraies entretenues (surface),Selve curate (castagni),,,0.0,0.0,0.0,Chestnut,Chestnut,Woody Crops,Permanent,,367,399261,3187312,6057396,3737398,3968496,4151466,4186203
721,Mehrjährige gärtnerische Freilandkulturen (nicht im Gewächshaus),Perennial open-field horticultural crops (not in greenhouses),Cultures horticoles pluriannuelles de plein air (pas en serres),Floricoltura di pieno campo pluriennale (non in serra),,,0.0,0.0,0.0,Perennial Special Crops,Perennial Special Crops,Perennial Horticulture,Permanent,,15,74053,120406,129989,169082,192229,196059,188749
722,Baumschulen von Reben,Vine nurseries,Pépinières viticoles,Vivai viticoli,,,0.0,0.0,0.0,Nursery,Nursery,Nursery,Permanent,True,25,142617,268241,264771,270634,276870,253248,270770
723,Baumschulen von Obst und Beeren,Fruit and berry tree nurseries,Pépinière de fruits et de baies,Vivaio di alberi da frutto e bacche,2023.0,,0.0,0.0,0.0,Nursery,Nursery,Nursery,Permanent,True,109,0,0,0,0,985632,1112471,1185279
724,"Übrige Baumschulen (Rosen, Zierstauden, usw.)","Other nurseries (roses, ornamental shrubs, etc.)","Autres pépinières (rosiers, plantes ornementales, etc.)","Altri vivai (rose, arbusti ornamentali, ecc.)",2023.0,,0.0,0.0,0.0,Nursery,Nursery,Nursery,Permanent,True,220,0,0,0,0,2360110,2225718,2010235
725,Permakultur,Permaculture,Permaculture,Permacultura,,,0.0,0.0,1.0,,,,,True,96,0,172370,573511,795117,1227935,1448611,1571273
730,Obstanlagen aggregiert,"Fruit orchards, aggregated",Cultures fruitières agrégée,Frutteti aggregata,,,0.0,0.0,1.0,Other Tree Crops,Tree Crops,Orchard,Permanent,,71,46592,0,4211654,2171,2156,4669,2520
731,"Andere Obstanlagen (Kiwis, Holunder usw.)","Other fruit orchards (kiwi, elderberry, etc.)","Autres cultures fruitières (kiwis, sureau, etc.)","Altri frutteti (kiwi, sambuco, ecc.)",,,0.0,0.0,1.0,Other Tree Crops,Tree Crops,Orchard,Permanent,,172,1323446,1608307,1256008,1346486,1952323,2176853,2366396
735,Reben (regionsspezifische Biodiversitätsförderflächen),Vineyards (region-specific biodiversity promotion areas),Vignes (surfaces de promotion de la biodiversité spécifiques à la ré-gion),Vigna (superfici per la promozione della biodiversità specifiche di una regione),,,0.0,1.0,1.0,Vines,Vines,Orchard,Permanent,,25,48384,333632,322273,269434,276400,274988,257870
750,"Übrige Dauerkulturen, beitragsberechtigt, aggregiert","Other perennial crops, eligible for contributions (aggregated)","Autres surfaces de cultures pérennes, avec contributions, agrégée","Altre colture perenni, con contributi, aggregata",,,0.0,0.0,0.0,,,,,True,162,0,0,3238106,422,0,0,0
760,"Dauerkulturen, nicht beitragsberechtigt, aggregiert","Perennial crops, not eligible for contributions (aggregated)","Surfaces de cultures pérennes, sans contributions, agrégée","Colture perenni, senza contributi, aggregata",,2022.0,0.0,0.0,0.0,,,,,True,0,,,,,,,
797,"Übrige Flächen mit Dauerkulturen, beitragsberechtigt","Other areas with perennial crops, eligible for contributions","Autres surfaces de cultures pérennes, avec contributions","Altre superfici con colture perenni, con contributi",,,0.0,0.0,0.0,,,,,True,49,294411,396212,713601,702457,429603,469874,437784
798,"Übrige Flächen mit Dauerkulturen, nicht beitragsberechtigt","Other areas with perennial crops, not eligible for contributions","Autres surfaces de cultures pérennes, sans contributions","Altre superfici con colture perenni, senza contributi",,,0.0,0.0,0.0,,,,,True,20,212704,276932,130675,96598,236334,213837,203684
801,Gemüsekulturen in Gewächshäusern mit festem Fundament,Vegetable crops in greenhouses with permanent foundations,Cultures maraîchères sous abri avec fondations permanentes,Colture orticole in serre con fondamenta fisse,,,0.0,0.0,1.0,Greenhouses,Greenhouses,Greenhouses,Permanent,,203,1744840,1975358,2124860,1927768,2173925,2148118,2134994
802,Übrige Spezialkulturen in Gewächshäusern mit festem Fundament,Other special crops in greenhouses with permanent foundations,Autres cultures spéciales sous abri avec fondations permanentes,Altre colture speciali in serre con fondamenta fisse,,,0.0,0.0,1.0,Greenhouses,Greenhouses,Greenhouses,Permanent,,26,284775,307318,256776,149837,314657,218262,284666
803,Gärtnerische Kulturen in Gewächshäusern mit festem Fundament,Horticultural crops in greenhouses with permanent foundations,Cultures horticoles sous abri avec fondations permanentes,Floricoltura in serre con fondamenta fisse,,,0.0,0.0,0.0,Greenhouses,Greenhouses,Greenhouses,Permanent,,26,129196,165722,253368,364182,279738,302069,295114
804,Beerenkulturen in Gewächshäusern mit festem Fundament,Berry crops in greenhouses with permanent foundations,Cultures des baies sous serres avec fondations permanentes,Colture bacche in serra con fondamenta fisse,2023.0,,0.0,0.0,1.0,Greenhouses,Greenhouses,Greenhouses,Permanent,,2,0,0,0,0,7977,27354,28242
806,Gemüsekulturen in geschütztem Anbau ohne festes Fundament,Vegetable crops in protected cultivation without permanent foundations,Cultures maraîchères sous abri sans fondations permanentes,Colture orticole in serre senza fondamenta fisse,,2022.0,0.0,0.0,1.0,Greenhouses,Greenhouses,Greenhouses,Permanent,,204,1730195,2364741,2209478,1847371,0,0,0
807,Übrige Spezialkulturen in geschütztem Anbau ohne festes Fundament,Other special crops in protected cultivation without permanent foundations,Autres cultures spéciales sous abri sans fondations permanentes,Altre colture speciali in serre senza fondamenta fisse,,,0.0,0.0,1.0,Greenhouses,Greenhouses,Greenhouses,Permanent,,56,644662,714950,575915,530542,605706,425885,427566
808,Gärtnerische Kulturen in geschütztem Anbau ohne festes Fundament,Horticultural crops in protected cultivation without permanent foundations,Cultures horticoles sous abri sans fondations permanentes,Floricoltura in serre senza fondamenta fisse,,,0.0,0.0,0.0,Greenhouses,Greenhouses,Greenhouses,Permanent,,27,223960,289037,405120,297068,221560,222375,227987
810,Pilze in geschütztem Anbau mit festem Fundament,Mushrooms in protected cultivation with permanent foundations,Champignons sous abri avec fondations permanentes,Funghi coltivati al coperto con fondamenta fisse,,,0.0,0.0,1.0,Greenhouses,Greenhouses,Greenhouses,Permanent,,0,964,970,960,960,964,17865,980
811,Gemüsekulturen in geschütztem Anbau ohne festes Fundament; im gewachsenen Boden,"Vegetable crops in protected cultivation without permanent foundations, in natural soil",Cultures maraîchères sous abri sans fondations permanentes; sur sol naturel,Colture orticole coltivate al coperto senza fondamenta fisse; nel terreno naturale,2023.0,,0.0,0.0,1.0,Greenhouses,Greenhouses,Greenhouses,Permanent,,215,0,0,0,0,2165593,2108223,2184362
812,Gemüsekulturen in geschütztem Anbau ohne festes Fundament; auf Pflanztischen oder -gestellen,"Vegetable crops in protected cultivation without permanent foundations, on planting tables or racks",Cultures maraîchères sous abri sans fondations permanentes; sur des tables de plantation ou des étagères,Colture orticole coltivate al coperto senza fondamenta fisse; su tavole di piantagione o rastrelliere,2023.0,,0.0,0.0,1.0,Greenhouses,Greenhouses,Greenhouses,Permanent,,5,0,0,0,0,53459,55668,51158
813,Beerenkulturen in geschütztem Anbau ohne festes Fundament; im gewachsenen Boden,"Berry crops in protected cultivation without permanent foundations, in natural soil",Cultures des baies sous abri sans fondations permanentes; sur sol naturel,Colture di bacche coltivate al coperto senza fondamenta fisse; nel terreno naturale,2023.0,,0.0,0.0,1.0,Greenhouses,Greenhouses,Greenhouses,Permanent,,23,0,0,0,0,131797,318734,238974
814,Beerenkulturen in geschütztem Anbau ohne festes Fundament; auf Pflanztischen oder -gestellen,"Berry crops in protected cultivation without permanent foundations, on planting tables or racks",Cultures des baies sous abri sans fondations permanentes; sur des tables de plantation ou  des étagères,Colture di bacche coltivate al coperto senza fondamenta fisse; su tavole di piantagione o rastrelliere,2023.0,,0.0,0.0,1.0,Greenhouses,Greenhouses,Greenhouses,Permanent,,42,0,0,0,0,309470,459729,496524
830,"Kulturen in ganzjährig geschütztem Anbau, beitragsberechtigt aggregiert","Crops in year-round protected cultivation, eligible for contributions (aggregated)","Cultures sous abri sans fondations permanentes, avec contributions, agrégée","Superfici con colture protette tutto l’anno, con contributi, aggregata",,,0.0,0.0,0.0,Greenhouses,Greenhouses,Greenhouses,Permanent,,23,0,0,919215,33576,33140,91064,91848
840,"Kulturen in ganzjährig geschütztem Anbau, nicht beitragsberechtigt aggregiert","Crops in year-round protected cultivation, not eligible for contributions (aggregated)","Cultures sous abri sans fondations permanentes, sans contributions, agrégée","Superfici con colture protette tutto l’anno, senza contributi, aggregata",,2022.0,0.0,0.0,0.0,Greenhouses,Greenhouses,Greenhouses,Permanent,,0,,,,,,,
847,"Übrige Kulturen in geschütztem Anbau ohne festes Fundament, beitragsberechtigt","Other crops in protected cultivation without permanent foundations, eligible for contributions","Autres cultures sous abri sans fondations permanentes, avec contributions","Altre colture coltivate al coperto senza fondamenta fisse, con contributi",,,0.0,0.0,0.0,Greenhouses,Greenhouses,Greenhouses,Permanent,,11,118884,143408,26828,26929,123439,144202,172340
848,Übrige Kulturen in geschütztem Anbau mit festem Fundament,Other crops in protected cultivation with permanent foundations,Autres cultures sous abri avec fondations permanentes,Altre colture coltivate al coperto con fondamenta fisse,,,0.0,0.0,0.0,Greenhouses,Greenhouses,Greenhouses,Permanent,,5,45771,56607,64435,52428,32727,36388,55698
849,"Übrige Kulturen in geschütztem Anbau ohne festes Fundament, nicht beitragsberechtigt","Other crops in protected cultivation without permanent foundations, not eligible for contributions","Autres cultures sous abri sans fondations permanentes, sans contributions","Altre colture coltivate al coperto senza fondamenta fisse, senza contributi",,,0.0,0.0,0.0,Greenhouses,Greenhouses,Greenhouses,Permanent,,3,5868,14916,26736,18966,52488,57080,25358
851,Streueflächen in der landwirtschaftlichen Nutzfläche,Litter areas within agricultural land,Surfaces à litière dans la surface agricole utile,Terreni da strame all’interno della superficie agricola utilizzata,,,0.0,1.0,0.0,Litter Meadow,Litter Meadow,Meadow,Grassland,,8039,65581634,72082922,86431939,84259562,84503321,84814481,85081702
852,"Hecken-, Feld- und Ufergehölze (mit Krautsaum)","Hedges, field and riparian woody vegetation (with herbaceous margin)","Haies, bosquets champêtres et berges boisées (avec la bande herbeuse)","Siepi, boschetti campestri e rivieraschi (con bordo inerbito)",,,0.0,1.0,0.0,Hedges,Hedges,Woody Crops,Permanent,,4637,39127873,44706130,46154162,47029171,48060702,49280158,50241938
857,"Hecken-, Feld- und Ufergehölze (mit Pufferstreifen)","Hedges, field and riparian woody vegetation (with buffer strip)","Haies, bosquets champêtres et berges boisées (avec la bande herbeuse)","Siepi, boschetti campestri e rivieraschi (con fascia tampone)",,,0.0,0.0,0.0,Hedges,Hedges,Woody Crops,Permanent,,801,5907185,6981468,8605465,8355248,8440921,8687752,9060144
858,"Hecken-, Feld- und Ufergehölze (mit Pufferstreifen) (regionsspezifische Biodiversitätsförderfläche)","Hedges, field and riparian woody vegetation (with buffer strip, region-specific biodiversity promotion area)","Haies, bosquets champêtres et berges boisées (avec la bande tampon) (Surfaces de promotion de la biodiversité spécifiques à la région)","Siepi, boschetti campestri e rivieraschi (con fascia tampone) (Superfici per la promozione della biodiversità specifiche di una regione)",,,0.0,1.0,0.0,Hedges,Hedges,Woody Crops,Permanent,,53,304596,518401,586481,618204,542580,581213,591125
897,"Übrige Flächen innerhalb der landwirtschaftlichen Nutzfläche, beitragsberechtigt","Other areas within agricultural land, eligible for contributions","Autres surfaces dans la surface agricole utile, avec contributions","Altre superfici all’interno della superficie agricola utilizzata, con contributi",,,0.0,0.0,0.0,,,,,True,58,248055,260586,612248,755192,784542,767099,624047
898,"Übrige Flächen innerhalb der landwirtschaftlichen Nutzfläche, nicht beitragsberechtigt","Other areas within agricultural land, not eligible for contributions","Autres surfaces dans la surface agricole utile, sans contributions","Altre superfici all’interno della superficie agricola utilizzata, senza contributi",,,0.0,0.0,0.0,,,,,True,972,6690862,9338954,11120254,9723123,10155291,10267763,10727964
901,Wald,Forest,Forêt,Bosco,,,0.0,0.0,0.0,Forest,Forest,Forest,Forest,,19507,68314196,145196892,171077639,238877225,244061231,251895914,246050520
902,"Übrige unproduktive Flächen (z.B. gemulchte Flächen, stark verunkrautete Flächen, Hecken ohne Pufferstreifen)","Other unproductive areas (e.g. mulched areas, heavily weed-infested areas, hedges without buffer strips)","Surfaces improductives (p. ex. haies sans les bandes tampons, surfaces broyées, surfaces avec un degré élevé de mauvaises herbes)","Altre superfici improduttive (p.es. siepi senza fascia tampone, superfici pacciamate, superfici con elevata presenza di malerbe)",,,0.0,0.0,0.0,Unproductive Area,Unproductive Area,Unproductive Area,Unproductive Area,True,49597,30473961,37442131,1174960877,571428032,560772346,551686038,545016799
903,"Flächen ohne landwirtschaftliche Hauptzweckbestimmung (erschlossenes Bauland, Spiel-, Reit-, Camping-, Golf-, Flug- und Militärplätze oder ausgemarchte Bereiche von Eisenbahnen, öffentlichen Strassen und Gewässern)","Areas without a primary agricultural purpose (developed building land, sports, riding, camping, golf, airfields and military areas, or demarcated areas of railways, public roads and water bodies)","Surfaces dont l’affectation principale n’est pas l’exploitation agricole (terrains à bâtir équipés et surfaces comprises dans les terrains de golf et de camping, aérodromes et terrains d’entraînement militaire, surfaces délimitées des bas-côtés des lignes de chemins de fer, de routes publiques, de cours et de plans d’eau)","Superfici la cui destinazione principale non è l’utilizzazione agricola (quelle inserite in terreni edificabili urbanizzati, da golf, da equitazione, da campeggio, di aerodromi e d’esercitazione militare o che rientrano nella zona delimitata di ferrovie, strade pubbliche e corsi d’acqua)",,,0.0,0.0,0.0,,,,,True,733,4776970,7366707,8458939,7834729,7631452,7553120,7702434
904,"Wassergräben, Tümpel, Teiche","Water ditches, ponds and pools","Fossés humides, mares, étangs","Fossati umidi, stagni, pozze",,,0.0,1.0,0.0,Water,Water,Water,Water,,177,1947494,1683014,1949519,1715701,1708321,1707599,1695341
905,"Ruderalflächen, Steinhaufen und -wälle","Ruderal areas, stone heaps and stone walls","Surfaces rudérales, tas d'épierrage et affleurements rocheux","Superfici ruderali, cumuli di pietra, affioramenti rocciosi",,,0.0,1.0,0.0,Unproductive Area,Unproductive Area,Unproductive Area,Unproductive Area,,52,412442,476421,446291,521706,529785,610073,630113
906,Trockenmauern,Dry stone walls,Murs de pierres sèches,Muri a secco,,,0.0,1.0,0.0,Unproductive Area,Unproductive Area,Unproductive Area,Unproductive Area,,8,74952,73857,79798,77236,77114,77754,77136
907,"Unbefestigte, natürliche Wege",Unpaved natural paths,Chemins naturels non stabilisés,Sentieri e accessi naturali non consolidati,,,0.0,0.0,0.0,Unproductive Area,Unproductive Area,Unproductive Area,Unproductive Area,,97,734025,814445,905096,1001957,1095270,1103684,1115001
908,Regionsspezifische Biodiversitätsförderflächen,Region-specific biodiversity promotion areas,Surfaces de promotion de la biodiversité spécifiques à la région,Superfici per la promozione della biodiversità specifiche di una regione,,,0.0,1.0,0.0,,,,,True,95,535515,1075256,1038020,1008844,1008134,1002132,1001045
909,Hausgärten,Home gardens,Jardins potager,Giardini e orti domestici,,,0.0,0.0,0.0,Built-up,Built-up,Built-up,Built-up,,80,255379,548975,861510,978202,993499,985968,997468
911,"Landwirtschaftliche Produktion in Gebäuden (z. B. Champignon, Brüsseler)","Agricultural production in buildings (e.g. mushrooms, witloof chicory)","Production agricole sous abri (par ex. champignons de Paris, chicorée witloof)","Produzione agricola in edifici (p.es. funghi, cicoria belga)",,,0.0,0.0,0.0,Built-up,Built-up,Built-up,Built-up,,2,9260,11948,24562,29894,21788,29049,20327
921,Hochstamm-Feldobstbäume (Punkte oder Flächen),High-stem field fruit trees (points or areas),Arbres fruitiers champêtres haute-tige (points ou surface),Alberi da frutto ad alto fusto nei campi (punti o superfici),,,1.0,1.0,0.0,,,,,True,0,,,,,,,
922,Nussbäume (Punkte oder Flächen),Nut trees (points or areas),Noyers (points ou surfaces),Noci (Punti o superfici),,,1.0,1.0,0.0,,,,,True,0,,,,,,,
923,Edelkastanienbäume,Sweet chestnut trees,Châtaigniers,Alberi castagni,,,1.0,1.0,0.0,,,,,True,0,,,,,,,
924,Einheimische standortgerechte Einzelbäume und Alleen (Punkte oder Flächen),Native site-adapted individual trees and tree avenues (points or areas),Arbres isolés indigènes adaptés au site et allées d'arbres (points ou surfaces),Alberi indigeni isolati adatti al luogo e viali alberati (Punti o superfici),,,1.0,1.0,0.0,,,,,True,0,,,,,,,
926,Andere Bäume,Other trees,Autres arbres,Altri alberi,2022.0,,1.0,0.0,0.0,,,,,True,0,,,,,,,
927,Andere Bäume (regionsspezifische Biodiversitätsförderfläche),Other trees (region-specific biodiversity promotion area),Autres arbres (surfaces de promotion de la biodiversité spécifiques à la région),Altri alberi (superfici per la promozione della biodiversità specifiche di una regione),,,1.0,1.0,0.0,,,,,True,0,,,,,,,
928,Andere Elemente (regionsspezifische Biodiversitätsförderfläche),Other elements (region-specific biodiversity promotion area),Autres éléments (surfaces de promotion de la biodiversité spécifiques à la région),Altri elementi (superficie per la promozione della biodiversità specifica di una regione),,,1.0,1.0,0.0,,,,,True,0,,,,,,,
930,Sömmerungsweiden,Summer grazing pastures,Pâturages d’estivage,Pascoli d’estivazione,,,0.0,0.0,0.0,Alpine Pasture,Alpine Pasture,Alpine Pasture,Grassland,,194234,999190384,1086529163,2132467546,2043353127,2247364347,2438138613,2649329690
933,Gemeinschaftsweiden,Communal pastures,Pâturages communautaires,Pascoli comunitari,,,0.0,0.0,0.0,Communal Pasture,Pasture,Pasture,Grassland,True,1458,0,19768,14671252,18252885,18244256,18765977,17522652
935,Heuwiesen mit Zufütterung während der Sömmerung,Hay meadows with supplementary feeding during summer grazing,"Prairies de fauche en région d’estivage, pour l'affouragement pendant l'estivage","Prati da sfalcio nella regione d’estivazione, per l'alimentazione durante l'estivazione",,,0.0,0.0,0.0,,,,,True,29,74516,256056,333726,305926,356964,375351,333220
936,Streueflächen im Sömmerungsgebiet,Litter areas in summer-grazing regions,"Surfaces à litière, région d’estivage",Terreni da strame nella regione d’estivazione,,,0.0,0.0,0.0,Wetland,Wetland,Wetland,Wetland,,338,3081844,3451578,2979251,2978794,2983840,3082720,5119455
950,Ackerschonstreifen,Arable field margin strips,Bande culturale extensive,Fasce di colture estensive in campicoltura,2023.0,,1.0,1.0,0.0,Fallow,Fallow,Temporary Grassland,Arable Land,True,0,,,,,,,
951,Getreide in weiter Reihe,Cereals in wide rows,Céréales en lignes de semis espacées,Cereali in file distanziate,2023.0,2024.0,1.0,1.0,0.0,,,,,True,0,,,,,,,
998,Übrige Flächen ausserhalb der landwirtschaftlichen Nutzfläche und Sömmerungsfläche,Other areas outside agricultural land and summer-grazing areas,Autres surfaces situées en dehors de la surface agricole utile et la surface d’estivage,Altre superfici fuori della superficie agricola utilizzata e superfici d’estivazione,,,0.0,0.0,0.0,,,,,True,575,2741766,3478020,6463818,5132030,6269063,7553210,8585861
1901,Fels (swissTLM3D),Rock (swissTLM3D),Roche (swissTLM3D),Roccia (swissTLM3D),,,,,,Unproductive Area,Unproductive Area,Unproductive Area,Unproductive Area,,270153,2791606514,2789966961,2638808540,2648823817,2650863800,2671037655,2719611123
1902,Fels locker (swissTLM3D),Loose rock (swissTLM3D),Roche meuble (swissTLM3D),Roccia sciolta (swissTLM3D),,,,,,Unproductive Area,Unproductive Area,Unproductive Area,Unproductive Area,,21359,216997012,216605426,207834391,208926349,212518495,215152072,217125937
1903,Felsbloecke (swissTLM3D),Boulders (swissTLM3D),Blocs rocheux (swissTLM3D),Massi (swissTLM3D),,,,,,Unproductive Area,Unproductive Area,Unproductive Area,Unproductive Area,,2102,18656346,18638224,17362430,17447942,19481768,23725950,31829938
1904,Felsbloecke locker (swissTLM3D),Loose boulders (swissTLM3D),Blocs rocheux meubles (swissTLM3D),Massi sciolti (swissTLM3D),,,,,,Unproductive Area,Unproductive Area,Unproductive Area,Unproductive Area,,851,8021720,7969020,7930426,7984809,8372014,9184004,10100388
1905,Lockergestein (swissTLM3D),Unconsolidated sediment (swissTLM3D),Sédiment meuble (swissTLM3D),Sedimento sciolto (swissTLM3D),,,,,,Unproductive Area,Unproductive Area,Unproductive Area,Unproductive Area,,273653,2814170108,2812677530,2702986340,2708970632,2690479379,2695529295,2730870547
1906,Lockergestein locker (swissTLM3D),Loose unconsolidated sediment (swissTLM3D),Sédiment meuble meuble (swissTLM3D),Sedimento sciolto sciolto (swissTLM3D),,,,,,Unproductive Area,Unproductive Area,Unproductive Area,Unproductive Area,,27633,266773686,266583491,263544302,264679469,268996991,295974706,307787127
1907,Gletscher (swissTLM3D),Glacier (swissTLM3D),Glacier (swissTLM3D),Ghiacciaio (swissTLM3D),,,,,,Unproductive Area,Unproductive Area,Unproductive Area,Unproductive Area,,95986,1012778860,1012767710,1004522082,953695500,945013169,922317744,867937804
1908,Schneefeld Toteis (swissTLM3D),Snowfield / dead ice (swissTLM3D),Champ de neige / glace morte (swissTLM3D),Campo di neve / ghiaccio morto (swissTLM3D),,,,,,Unproductive Area,Unproductive Area,Unproductive Area,Unproductive Area,,4085,0,0,0,49863220,47881416,38750668,26888352
1909,Stehende Gewaesser (swissTLM3D),Standing water (swissTLM3D),Eaux stagnantes (swissTLM3D),Acque stagnanti (swissTLM3D),,,,,,Water,Water,Water,Water,,223425,2234484103,2234583486,2232933088,2234292667,2234278557,2234291127,2234918055
1910,Fliessgewaesser (swissTLM3D),Flowing water (swissTLM3D),Eaux courantes (swissTLM3D),Acque correnti (swissTLM3D),,,,,,Water,Water,Water,Water,,14073,140818365,140740364,140563060,140561235,140689980,140846038,140900377
1911,Feuchtgebiet (swissTLM3D),Wetland (swissTLM3D),Zone humide (swissTLM3D),Zona umida (swissTLM3D),,,,,,Wetland,Wetland,Wetland,Wetland,,12144,132537695,120638205,109814368,111464762,122123085,126802149,126700088
1912,Gehölzflaeche (swissTLM3D),Woodland (swissTLM3D),Boisement (swissTLM3D),Boschetto (swissTLM3D),,,,,,Forest,Forest,Forest,Forest,,11264,120643841,109473723,109341420,110936176,111776327,112709030,113632575
1913,Gebüschwald (swissTLM3D),Shrub forest (swissTLM3D),Forêt de broussailles (swissTLM3D),Bosco di cespugli (swissTLM3D),,,,,,Forest,Forest,Forest,Forest,,51810,540663809,539430298,510820303,513149249,509340323,507504729,505807870
1914,Wald offen (swissTLM3D),Open forest (swissTLM3D),Forêt ouverte (swissTLM3D),Bosco aperto (swissTLM3D),,,,,,Forest,Forest,Forest,Forest,,27540,285720086,275139915,263768061,268637841,269424256,279881832,285257268
1915,Wald (swissTLM3D),Forest (swissTLM3D),Forêt (swissTLM3D),Foresta (swissTLM3D),,,,,,Forest,Forest,Forest,Forest,,1090778,11179558293,11035735331,10871379755,10805051387,10810312563,10817581981,10834814808
1921,Strassen (swissTLM3D),Roads (swissTLM3D),Routes (swissTLM3D),Strade (swissTLM3D),,,,,,Built-up,Built-up,Built-up,Built-up,,52009,532286475,517937365,515296790,518741818,518454820,518555026,519365011
1922,Eisenbahn (swissTLM3D),Railway (swissTLM3D),Chemin de fer (swissTLM3D),Ferrovia (swissTLM3D),,,,,,Built-up,Built-up,Built-up,Built-up,,6551,64432963,64277028,64057254,64034435,67302990,67208597,67222947
1923,Gebäude (swissTLM3D),Buildings (swissTLM3D),Bâtiments (swissTLM3D),Edifici (swissTLM3D),,,,,,Built-up,Built-up,Built-up,Built-up,,55985,539531327,537846977,545900322,551932671,558096044,579799599,605866246
1924,Sportplatz (swissTLM3D),Sports field (swissTLM3D),Terrain de sport (swissTLM3D),Campo sportivo (swissTLM3D),,,,,,Built-up,Built-up,Built-up,Built-up,,2650,26443230,26372005,26400642,26603876,26608224,26522471,26580278
1925,Staubaute (swissTLM3D),Dam / barrier (swissTLM3D),Barrage (swissTLM3D),Diga / sbarramento (swissTLM3D),,,,,,Built-up,Built-up,Built-up,Built-up,,491,4480876,4403443,4695608,4986897,5224111,5226677,5382967
1926,Verkehrsbaute (swissTLM3D),Traffic structure (swissTLM3D),Structure de circulation (swissTLM3D),Struttura stradale (swissTLM3D),,,,,,Built-up,Built-up,Built-up,Built-up,,829,8460611,8322994,8372238,8350324,8158163,8151821,8219850
1927,Nutzungsareale (swissTLM3D),Usage area (swissTLM3D),Zone d'utilisation (swissTLM3D),Area di utilizzo (swissTLM3D),,,,,,Built-up,Built-up,Built-up,Built-up,,1052,10734695,10352219,10310399,10467840,10421374,10481408,10850008
1928,Abbauareale (swissTLM3D),Extraction area (swissTLM3D),Zone d'extraction (swissTLM3D),Area di estrazione (swissTLM3D),,,,,,Unproductive Area,Unproductive Area,Unproductive Area,Unproductive Area,,2943,0,0,0,0,29526013,29325624,0
1929,Schrebergartenareale (swissTLM3D),Allotment gardens (swissTLM3D),Jardins familiaux (swissTLM3D),Orti (swissTLM3D),,,,,,Built-up,Built-up,Built-up,Built-up,,1194,12188254,12096403,11939783,11910795,11836638,11821150,11793669
1930,Verkehrsareale (swissTLM3D),Traffic area (swissTLM3D),Zone de circulation (swissTLM3D),Area di traffico (swissTLM3D),,,,,,Built-up,Built-up,Built-up,Built-up,,3026,29042375,29040868,29634673,30412524,30824612,31233690,31623709
