LNF_code,Crop_DE,Crop_EN,HCATv4_Identifier
501,Sommergerste,Spring barley,3310104002
502,Wintergerste,Winter barley,3310104001
504,Hafer,Oats,3310105000
505,Triticale,Triticale,3310108000
506,Mischel Futtergetreide,Mixed fodder cereals,3310111000
507,Futterweizen gemäss Sortenliste swiss granum,Fodder wheat according to Swiss Granum list,3310101001
508,Körnermais,Grain maize,3310106000
509,Reis,Rice,3310107000
510,Hartweizen,Durum wheat,3310102000
511,"Emmer, Einkorn","Emmer, Einkorn",3310112000
511,"Emmer, Einkorn","Emmer, Einkorn",3310113000
512,Sommerweizen (ohne Futterweizen der Sortenliste swiss granum),Spring wheat (excluding Swiss Granum fodder wheat),3310101002
513,Winterweizen (ohne Futterweizen der Sortenliste swiss granum),Winter wheat (excluding Swiss Granum fodder wheat),3310101001
514,Roggen,Rye,3310103000
515,Mischel Brotgetreide,Mixed bread cereals,3310111000
516,Dinkel,Spelt,3310110000
519,Saatmais (Vertragsanbau),Seed maize (contract farming),3310106000
520,Trockenreis,Dryland rice,3310107000
521,Silo- und Grünmais,Silage and green maize,3310106000
522,Zuckerrüben,Sugar beets,3310719010
523,Futterrüben,Fodder beets,3310719020
524,Kartoffeln,Potatoes,3310300000
525,Pflanzkartoffeln (Vertragsanbau),Seed potatoes (contract farming),3310300000
526,Sommerraps zur Speiseölgewinnung,Spring rapeseed for edible oil,3310604012
527,Winterraps zur Speiseölgewinnung,Winter rapeseed for edible oil,3310604011
528,Soja,Soybean,3310201030
529,Nassreis,Wetland rice,3310107000
531,Sonnenblumen zur Speiseölgewinnung,Sunflower for edible oil,3310604020
534,Lein,Flax,3310607000
535,Hanf,Hemp,3310610000
536,Bohnen und Wicken zur Körnergewinnung (z.B. Ackerbohnen) ,"Beans and vetches for grain production (e.g., field beans)",3301020100
537,Erbsen zur Körnergewinnung (z.B. Eiweisserbsen),"Peas for grain production (e.g., protein peas)",3301020600
538,Lupinen,Lupins,3301020700
539,Ölkürbisse,Oil pumpkins,3310702040
540,Kichererbsen,Chickpeas,3310201040
541,Tabak,Tobacco,3310601000
542,Hirse,Millet,3310109000
543,Getreide siliert,Ensiled cereals,3310198000
544,Leindotter,Camelina,3310615000
545,"Einjährige Freilandgemüse, ohne Konservengemüse","Annual open-field vegetables, excluding preserved vegetables",3310700000
546,Freiland-Konservengemüse,Open-field vegetables for preservation,3310700000
547,Wurzeln der Treibzichorie,Roots of forced chicory,3310717010
548,Buchweizen,Buckwheat,3310703020
549,Sorghum,Sorghum,3310116000
551,Einjährige Beeren (z.B. Erdbeeren),"Annual berries (e.g., strawberries)",3310701000
552,"Einjährige nachwachsende Rohstoffe (Kenaf, usw.)","Annual renewable raw materials (Kenaf, etc.)",3310611000
553,Einjährige Gewürz- und Medizinalpflanzen,Annual spice and medicinal plants,3310612000
554,"Einjährige gärtnerische Freilandkulturen (Blumen, Rollrasen usw.)","Annual open-field horticultural crops (flowers, turf, etc.)",3310800000
555,Ackerschonstreifen,Wildflower strips,3311100000
556,Buntbrache,Flowering fallow,3311100000
557,Rotationsbrache,Rotational fallow,3311100000
559,Saum auf Ackerflächen,Improved (species-rich) field margins on arable land,3311100000
566,Mohn,Poppy,3310606000
567,Saflor,Safflower,3310839000
568,Linsen,Lentils,3310201070
569,"Mischungen von Bohnen, Wicken, Erbsen, Kichererbsen und Lupinen mit Getreide oder Leindotter, mindestens 30 % Anteil Leguminosen bei der Ernte (zur Körnergewinnung)","Mixtures of beans, vetch, peas, chickpeas, and lupins with cereals or camelina, minimum 30% legumes at harvest (for grain)",3310201990
570,"Mischungen von Linsen mit Getreide oder Leindotter, mindestens 30 % Anteil Linsen bei der Ernte (zur Körnergewinnung)","Mixtures of lentils with cereals or camelina, minimum 30% lentils at harvest (for grain)",3310201070
572,Nützlingsstreifen auf offener Ackerfläche,Conservation headlands on open arable land,3311100000
573,Senf,Mustard,3310707010
574,Quinoa,Quinoa,3310703030
575,Hanf zur Nutzung der Samen,Hemp for seed use,3310610000
576,Hanf zur Fasernutzung,Hemp for fiber use,3310610000
577,Anderer Hanf,Other hemp,3310610000
578,Hirse zur Körnergewinnung,Millet for grain,3310109000
579,Hirse zur Nutzung ganze Pflanze,Millet for whole-plant use,3310109000
580,Sorghum zur Körnergewinnung,Sorghum for grain,3310116000
581,Sorghum zur Nutzung ganze Pflanze,Sorghum for whole-plant use,3310116000
590,Sommerraps als nachwachsender Rohstoff,Spring rapeseed as renewable raw material,3310604012
591,Winterraps als nachwachsender Rohstoff,Winter rapeseed as renewable raw material,3310604011
592,Sonnenblumen als nachwachsender Rohstoff,Sunflower as renewable raw material,3310604020
594,"Offene Ackerfläche, beitragsberechtigt (regionsspezifische Biodiversitätsförderfläche)",Eligible open arable land (region-specific biodiversity promotion),3311100000
595,"Übrige offene Ackerfläche, nicht beitragsberechtigt (regionsspezifische Biodiversitätsförderfläche)","Other open arable land, not eligible",3311100000
597,"Übrige offene Ackerfläche, beitragsberechtigt","Other open arable land, eligible",3311100000
598,"Übrige offene Ackerfläche, nicht beitragsberechtigt","Other open arable land, not eligible",3311100000
601,Kunstwiesen (ohne Weiden),Artificial grasslands (excluding pastures),3320200000
602,"Übrige Kunstwiese, beitragsberechtigt (z.B. Schweineweide, Geflügelweide)","Other artificial grasslands, eligible for contributions (e.g. pig and poultry pastures)",3320200000
611,Extensiv genutzte Wiesen (ohne Weiden),Extensively managed meadows (excluding pastures),3320100000
612,Wenig intensiv genutzte Wiesen (ohne Weiden),Low-intensity managed meadows (excluding pastures),3320100000
613,Übrige Dauerwiesen (ohne Weiden),Other permanent meadows (excluding pastures),3320100000
616,"Weiden (Heimweiden, übrige Weiden ohne Sömmerungsweiden)","Pastures (farm pastures, other pastures excluding summer pastures)",3320100000
617,Extensiv genutzte Weiden,Extensively managed pastures,3320100000
618,Waldweiden (ohne bewaldete Fläche),Wooded pastures (excluding forested area),3320100000
621,"Heuwiesen im Sömmerungsgebiet, Übrige Wiesen","Hay meadows in summer-grazing regions, other meadows",3320100000
622,"Heuwiesen im Sömmerungsgebiet, Typ extensiv genutzte Wiese","Hay meadows in summer-grazing regions, extensively managed type",3320100000
623,"Heuwiesen im Sömmerungsgebiet, Typ wenig intensiv genutzte Wiese","Hay meadows in summer-grazing regions, low-intensity managed type",3320100000
625,Waldweiden (ohne bewaldete Fläche),Wooded pastures (excluding forested area),3320100000
631,Futterleguminosen für die Samenproduktion (Vertragsanbau),Forage legumes for seed production (contract farming),3310202990
632,Futtergräser für die Samenproduktion (Vertragsanbau),Forage grasses for seed production (contract farming),3320201000
634,Uferwiesen entlang von Fliessgewässern (ohne Weiden),Riparian meadows along flowing waters (excluding pastures),3320100000
635,Uferwiesen (ohne Weiden),Riparian meadows (excluding pastures),3320100000
660,"Übrige Dauerweiden, beitragsberechtigt aggregiert","Other permanent pastures, eligible for contributions (aggregated)",3320100000
693,Regionsspezifische Biodiversitätsförderflächen (Weiden),Region-specific biodiversity promotion areas (pastures),3320100000
694,Regionsspezifische Biodiversitätsförderfläche (Grünflächen ohne Weiden),Region-specific biodiversity promotion areas (grasslands excluding pastures),3320100000
697,"Übrige Grünfläche (Dauergrünfläche), beitragsberechtigt","Other grassland (permanent grassland), eligible for contributions",3320100000
698,"Übrige Grünfläche (Dauergrünflächen), nicht beitragsberechtigt","Other grassland (permanent grassland), not eligible for contributions",3320100000
701,Reben,Vineyards,3330600000
702,Obstanlagen (Äpfel),Fruit orchards (apples),3330102000
703,Obstanlagen (Birnen),Fruit orchards (pears),3330112000
704,Obstanlagen (Steinobst),Fruit orchards (stone fruits),3330100000
705,Mehrjährige Beeren,Perennial berries,3330200000
706,Mehrjährige Gewürz- und Medizinalpflanzen,Perennial spice and medicinal plants,3310612000
707,"Mehrjährige nachwachsende Rohstoffe (Chinaschilf, usw.)",Perennial renewable raw materials (e.g. miscanthus),3310800000
708,Hopfen,Hops,3310602000
709,Rhabarber,Rhubarb,3310709000
710,Spargel,Asparagus,3310706000
711,Pilze (Freiland),Mushrooms (open field),3340300000
712,Christbäume,Christmas trees,3369900000
713,Baumschule von Forstpflanzen ausserhalb der Forstzone,Forest plant nurseries outside forest zones,3330700000
714,"Ziersträucher, Ziergehölze und Zierstauden","Ornamental shrubs, woody ornamentals and perennials",3330700000
715,"Übrige Baumschulen (Rosen, Früchte, usw.)","Other nurseries (roses, fruit trees, etc.)",3330700000
717,Rebflächen mit natürlicher Artenvielfalt,Vineyard areas with natural biodiversity,3330600000
718,Trüffelanlagen,Truffle plantations,3340200000
719,Maulbeerbaumanlagen (Fütterung Seidenraupen),Mulberry plantations (feeding silkworms),3369900000
720,Gepflegte Selven (Edelkastanienbäume),Managed chestnut groves,3330305000
721,Mehrjährige gärtnerische Freilandkulturen (nicht im Gewächshaus),Perennial open-field horticultural crops (not in greenhouses),3310800000
722,Baumschulen von Reben,Vine nurseries,3330700000
723,Baumschulen von Obst und Beeren,Fruit and berry tree nurseries,3330700000
724,"Übrige Baumschulen (Rosen, Zierstauden, usw.)","Other nurseries (roses, ornamental shrubs, etc.)",3330700000
725,Permakultur,Permaculture,3390000000
730,Obstanlagen aggregiert,"Fruit orchards, aggregated",3330100000
731,"Andere Obstanlagen (Kiwis, Holunder usw.)","Other fruit orchards (kiwi, elderberry, etc.)",3330100000
735,Reben (regionsspezifische Biodiversitätsförderflächen),Vineyards (region-specific biodiversity promotion areas),3330600000
750,"Übrige Dauerkulturen, beitragsberechtigt, aggregiert","Other perennial crops, eligible for contributions (aggregated)",3390000000
760,"Dauerkulturen, nicht beitragsberechtigt, aggregiert","Perennial crops, not eligible for contributions (aggregated)",3390000000
797,"Übrige Flächen mit Dauerkulturen, beitragsberechtigt","Other areas with perennial crops, eligible for contributions",3390000000
798,"Übrige Flächen mit Dauerkulturen, nicht beitragsberechtigt","Other areas with perennial crops, not eligible for contributions",3390000000
801,Gemüsekulturen in Gewächshäusern mit festem Fundament,Vegetable crops in greenhouses with permanent foundations,3350000000
802,Übrige Spezialkulturen in Gewächshäusern mit festem Fundament,Other special crops in greenhouses with permanent foundations,3350000000
803,Gärtnerische Kulturen in Gewächshäusern mit festem Fundament,Horticultural crops in greenhouses with permanent foundations,3350000000
804,Beerenkulturen in Gewächshäusern mit festem Fundament,Berry crops in greenhouses with permanent foundations,3350000000
806,Gemüsekulturen in geschütztem Anbau ohne festes Fundament,Vegetable crops in protected cultivation without permanent foundations,3350000000
807,Übrige Spezialkulturen in geschütztem Anbau ohne festes Fundament,Other special crops in protected cultivation without permanent foundations,3350000000
808,Gärtnerische Kulturen in geschütztem Anbau ohne festes Fundament,Horticultural crops in protected cultivation without permanent foundations,3350000000
810,Pilze in geschütztem Anbau mit festem Fundament,Mushrooms in protected cultivation with permanent foundations,3350000000
811,Gemüsekulturen in geschütztem Anbau ohne festes Fundament; im gewachsenen Boden,"Vegetable crops in protected cultivation without permanent foundations, in natural soil",3350000000
812,Gemüsekulturen in geschütztem Anbau ohne festes Fundament; auf Pflanztischen oder -gestellen,"Vegetable crops in protected cultivation without permanent foundations, on planting tables or racks",3350000000
813,Beerenkulturen in geschütztem Anbau ohne festes Fundament; im gewachsenen Boden,"Berry crops in protected cultivation without permanent foundations, in natural soil",3350000000
814,Beerenkulturen in geschütztem Anbau ohne festes Fundament; auf Pflanztischen oder -gestellen,"Berry crops in protected cultivation without permanent foundations, on planting tables or racks",3350000000
830,"Kulturen in ganzjährig geschütztem Anbau, beitragsberechtigt aggregiert","Crops in year-round protected cultivation, eligible for contributions (aggregated)",3350000000
840,"Kulturen in ganzjährig geschütztem Anbau, nicht beitragsberechtigt aggregiert","Crops in year-round protected cultivation, not eligible for contributions (aggregated)",3350000000
847,"Übrige Kulturen in geschütztem Anbau ohne festes Fundament, beitragsberechtigt","Other crops in protected cultivation without permanent foundations, eligible for contributions",3350000000
848,Übrige Kulturen in geschütztem Anbau mit festem Fundament,Other crops in protected cultivation with permanent foundations,3350000000
849,"Übrige Kulturen in geschütztem Anbau ohne festes Fundament, nicht beitragsberechtigt","Other crops in protected cultivation without permanent foundations, not eligible for contributions",3350000000
851,Streueflächen in der landwirtschaftlichen Nutzfläche,Litter areas within agricultural land,3320100000
852,"Hecken-, Feld- und Ufergehölze (mit Krautsaum)","Hedges, field and riparian woody vegetation (with herbaceous margin)",3360000000
857,"Hecken-, Feld- und Ufergehölze (mit Pufferstreifen)","Hedges, field and riparian woody vegetation (with buffer strip)",3360000000
858,"Hecken-, Feld- und Ufergehölze (mit Pufferstreifen) (regionsspezifische Biodiversitätsförderfläche)","Hedges, field and riparian woody vegetation (with buffer strip, region-specific biodiversity promotion area)",3360000000
901,Wald,Forest,3360000000
902,"Übrige unproduktive Flächen (z.B. gemulchte Flächen, stark verunkrautete Flächen, Hecken ohne Pufferstreifen)","Other unproductive areas (e.g. mulched areas, heavily weed-infested areas, hedges without buffer strips)",3370000000
905,"Ruderalflächen, Steinhaufen und -wälle","Ruderal areas, stone heaps and stone walls",3370000000
909,Hausgärten,Home gardens,3311200000
930,Sömmerungsweiden,Summer grazing pastures,3320100000
933,Gemeinschaftsweiden,Communal pastures,3320100000
935,Heuwiesen mit Zufütterung während der Sömmerung,Hay meadows with supplementary feeding during summer grazing,3320100000
936,Streueflächen im Sömmerungsgebiet,Litter areas in summer-grazing regions,3320100000
950,Ackerschonstreifen,Arable field margin strips,3311100000
951,Getreide in weiter Reihe,Cereals in wide rows,3310100000
